id_no,name,sex,age,province,city,district,residence,home_domicile,working_company
310228198706300137,李言,男,33,湖北,武汉,江岸区,湖北省武汉市江岸区XXX小区NNN室,上海市松江区XXX小区MMM室,XXX有限公司
310228198808241049,朱艳,女,32,湖北,武汉,江汉区,湖北省武汉市江汉区XXX小区NNN室,上海市嘉定区XXX小区MMM室,YYY有限公司
310228198907141175,肖人风,男,31,湖北,武汉,汉阳区,湖北省武汉市汉阳区XXX小区NNN室,上海市浦东新区XXX小区MMM室,ZZZ有限公司
310228199009212154,黄军,男,30,湖北,武汉,青山区,湖北省武汉市青山区XXX小区NNN室,上海市黄浦区XXX小区MMM室,TTT有限公司
310228199101304567,周子明,男,29,湖北,武汉,洪山区,湖北省武汉市洪山区XXX小区NNN室,上海市闵行区XXX小区MMM室,FFF有限公司
310228199204213278,张燕,女,28,湖北,武汉,江夏区,湖北省武汉市江夏区XXX小区NNN室,上海市静安区XXX小区MMM室,SSS有限公司
310228199305213306,江大仁,男,27,湖北,武汉,蔡甸区,湖北省武汉市蔡甸区XXX小区NNN室,上海市长宁区XXX小区MMM室,UUU有限公司
310228199411010721,袁天罡,男,26,湖北,武汉,黄陂区,湖北省武汉市黄陂区XXX小区NNN室,上海市虹口区XXX小区MMM室,III有限公司
310228199503220823,马鹏,男,25,湖北,武汉,硚口区,湖北省武汉市硚口区XXX小区NNN室,上海市徐汇区XXX小区MMM室,PPP有限公司
310228199608120317,聂平,男,24,湖北,黄冈,黄州区,湖北省黄冈市黄州区XXX小区NNN室,湖北省武汉市东西湖区XXX小区MMM室,WWW有限公司
310228199609170831,胡冰,女,24,湖北,孝感,孝南区,湖北省孝感市孝南区XXX小区NNN室,湖北省武汉市江夏区XXX小区MMM室,QQQ有限公司